Title,Author,Average_Rating
"The Hunger Games (The Hunger Games, #1)",Suzanne Collins,4.35
Pride and Prejudice,Jane Austen,4.29
To Kill a Mockingbird,Harper Lee,4.26
"Harry Potter and the Order of the Phoenix (Harry Potter, #5)",J.K. Rowling,4.50
The Book Thief,Markus Zusak,4.39
"Twilight (The Twilight Saga, #1)",Stephenie Meyer,3.67
Animal Farm,George Orwell,4.01
J.R.R. Tolkien 4-Book Boxed Set: The Hobbit and The Lord of the Rings,J.R.R. Tolkien,4.61
"The Chronicles of Narnia (The Chronicles of Narnia, #1-7)",C.S. Lewis,4.28
The Fault in Our Stars,John Green,4.12
The Picture of Dorian Gray,Oscar Wilde,4.13
"The Lightning Thief (Percy Jackson and the Olympians, #1)",Rick Riordan,4.31
Wuthering Heights,Emily Brontë,3.90
The Giving Tree,Shel Silverstein,4.38
"Harry Potter and the Order of the Phoenix (Harry Potter, #5)",J.K. Rowling,4.50
Gone with the Wind,Margaret Mitchell,4.31
The Perks of Being a Wallflower,Stephen Chbosky,4.24
The Little Prince,Antoine de Saint-Exupéry,4.33
Jane Eyre,Charlotte Brontë,4.16
The Great Gatsby,F. Scott Fitzgerald,3.93
Crime and Punishment,Fyodor Dostoevsky,4.28
"The Da Vinci Code (Robert Langdon, #2)",Dan    Brown,3.93
Alice’s Adventures in Wonderland / Through the Looking-Glass,Lewis Carroll,4.06
"Divergent (Divergent, #1)",Veronica Roth,4.13
Memoirs of a Geisha,Arthur Golden,4.16
Les Misérables,Victor Hugo,4.21
The Alchemist,Paulo Coelho,3.92
"Anne of Green Gables (Anne of Green Gables, #1)",L.M. Montgomery,4.32
Lord of the Flies,William Golding,3.70
Brave New World,Aldous Huxley,3.99
Romeo and Juliet,William Shakespeare,3.74
"The Hitchhiker’s Guide to the Galaxy (Hitchhiker's Guide to the Galaxy, #1)",Douglas Adams,4.22
"City of Bones (The Mortal Instruments, #1)",Cassandra Clare,4.07
The Help,Kathryn Stockett,4.47
Dracula,Bram Stoker,4.02
Charlotte’s Web,E.B. White,4.21
Fahrenheit 451,Ray Bradbury,3.97
Of Mice and Men,John Steinbeck,3.89
"Ender’s Game (Ender's Saga, #1)",Orson Scott Card,4.31
1984,George Orwell,4.20
The Catcher in the Rye,J.D. Salinger,3.80
"Little Women (Little Women, #1)",Louisa May Alcott,4.17
One Hundred Years of Solitude,Gabriel García Márquez,4.12
A Thousand Splendid Suns,Khaled Hosseini,4.45
The Outsiders,S.E. Hinton,4.14
The Secret Garden,Frances Hodgson Burnett,4.17
The Princess Bride,William Goldman,4.27
"A Game of Thrones (A Song of Ice and Fire, #1)",George R.R. Martin,4.45
The Time Traveler's Wife,Audrey Niffenegger,4.00
"Harry Potter and the Deathly Hallows (Harry Potter, #7)",J.K. Rowling,4.62
The Odyssey,Homer,3.83
Frankenstein: The 1818 Text,Mary Wollstonecraft Shelley,3.89
"A Wrinkle in Time (Time Quintet, #1)",Madeleine L'Engle,3.97
"The Handmaid’s Tale (The Handmaid's Tale, #1)",Margaret Atwood,4.15
The Kite Runner,Khaled Hosseini,4.35
"The Giver (The Giver, #1)",Lois Lowry,4.12
"Harry Potter and the Prisoner of Azkaban (Harry Potter, #3)",J.K. Rowling,4.58
"The Girl With the Dragon Tattoo (Millennium, #1)",Stieg Larsson,4.17
Dune (Dune #1),Frank Herbert,4.29
Where the Wild Things Are,Maurice Sendak,4.25
Green Eggs and Ham,Dr. Seuss,4.31
The Lovely Bones,Alice Sebold,3.86
The Adventures of Huckleberry Finn,Mark Twain,3.83
Life of Pi,Yann Martel,3.94
Lolita,Vladimir Nabokov,3.87
A Tale of Two Cities,Charles Dickens,3.88
Slaughterhouse-Five,Kurt Vonnegut Jr.,4.10
The Bell Jar,Sylvia Plath,4.05
Matilda,Roald Dahl,4.33
Water for Elephants,Sara Gruen,4.11
"Harry Potter and the Philosopher’s Stone (Harry Potter, #1)",J.K. Rowling,4.47
The Stand,Stephen        King,4.35
Catch-22,Joseph Heller,3.99
"The Adventures of Sherlock Holmes (Sherlock Holmes, #3)",Arthur Conan Doyle,4.30
"The Pillars of the Earth (Kingsbridge, #1)",Ken Follett,4.35
Rebecca,Daphne du Maurier,4.25
"Watership Down (Watership Down, #1)",Richard  Adams,4.09
The Color Purple,Alice Walker,4.28
Great Expectations,Charles Dickens,3.80
"Outlander (Outlander, #1)",Diana Gabaldon,4.26
Anna Karenina,Leo Tolstoy,4.10
"The Fellowship of the Ring (The Lord of the Rings, #1)",J.R.R. Tolkien,4.40
One Flew Over the Cuckoo’s Nest,Ken Kesey,4.20
My Sister's Keeper,Jodi Picoult,4.11
The Brothers Karamazov,Fyodor Dostoevsky,4.39
To Kill a Mockingbird,Harper Lee,4.26
A Clockwork Orange,Anthony Burgess,4.00
A Tree Grows in Brooklyn,Betty  Smith,4.30
The Road,Cormac McCarthy,4.00
"The Golden Compass (His Dark Materials, #1)",Philip Pullman,4.03
"Vampire Academy (Vampire Academy, #1)",Richelle Mead,4.10
Siddhartha,Hermann Hesse,4.08
"Harry Potter and the Goblet of Fire (Harry Potter, #4)",J.K. Rowling,4.57
The Elephant Tree,R.D. Ronald,3.89
"Angela’s Ashes (Frank McCourt, #1)",Frank McCourt,4.15
Don Quixote,Miguel de Cervantes Saavedra,3.91
And Then There Were None,Agatha Christie,4.27
The Old Man and the Sea,Ernest Hemingway,3.81
The Poisonwood Bible,Barbara Kingsolver,4.11
The Complete Stories and Poems,Edgar Allan Poe,4.40
The Zombie Room,R.D. Ronald,3.92
"Interview with the Vampire (The Vampire Chronicles, #1)",Anne Rice,4.02
The Girl Who Played with Fire (Millennium #2),Stieg Larsson,4.26
Atlas Shrugged,Ayn Rand,3.69
"Winnie-the-Pooh (Winnie-the-Pooh, #1)",A.A. Milne,4.38
"The Notebook (The Notebook, #1)",Nicholas Sparks,4.16
Gone Girl,Gillian Flynn,4.14
Fahrenheit 451,Ray Bradbury,3.97
"Harry Potter and the Sorcerer's Stone (Harry Potter, #1)",J.K. Rowling,4.47
"The Shining (The Shining, #1)",Stephen        King,4.28
"Moby-Dick or, The Whale",Herman Melville,3.56
A Prayer for Owen Meany,John Irving,4.24
The Stranger,Albert Camus,4.03
"Clockwork Angel (The Infernal Devices, #1)",Cassandra Clare,4.31
"Harry Potter and the Chamber of Secrets (Harry Potter, #2)",J.K. Rowling,4.43
Dark Places,Gillian Flynn,3.94
A Story of Yesterday,Sergio Cobo,4.53
The Girl on the Train,Paula Hawkins,3.96
"The Hobbit, or There and Back Again",J.R.R. Tolkien,4.30
Shutter Island,Dennis Lehane,4.13
It,Stephen        King,4.24
"Red Dragon (Hannibal Lecter, #1)",Thomas  Harris,4.07
Mystic River,Dennis Lehane,4.17
The Metamorphosis,Franz Kafka,3.90
The Secret Life of Bees,Sue Monk Kidd,4.10
"The Name of the Wind (The Kingkiller Chronicle, #1)",Patrick Rothfuss,4.52
Never Lie,Freida McFadden,4.08
The Red Tent,Anita Diamant,4.20
Before I Go to Sleep,S.J. Watson,3.90
None of This Is True,Lisa Jewell,4.08
Big Little Lies,Liane Moriarty,4.31
The Paris Apartment,Lucy Foley,3.65
"The Family Upstairs (The Family Upstairs, #1)",Lisa Jewell,3.96
The Master and Margarita,Mikhail Bulgakov,4.28
Lock Every Door,Riley Sager,3.89
"The Housemaid's Secret (The Housemaid, #2)",Freida McFadden,4.18
"You (You, #1)",Caroline Kepnes,3.96
1984,George Orwell,4.20
The Woman in the Window,A.J. Finn,3.94
"The Woman in Cabin 10 (Lo Blacklock, #1)",Ruth Ware,3.72
Pretty Girls,Karin Slaughter,4.01
"The Bone Collector (Lincoln Rhyme, #1)",Jeffery Deaver,4.20
Home Before Dark,Riley Sager,4.05
The Count of Monte Cristo,Alexandre Dumas,4.32
The Couple Next Door,Shari Lapena,3.80
Behind Closed Doors,B.A. Paris,3.97
No Exit,Taylor  Adams,3.99
The Only One Left,Riley Sager,4.13
Final Girls,Riley Sager,3.82
"The Last Thing He Told Me (Hannah Hall, #1)",Laura Dave,3.83
"The Last Olympian (Percy Jackson and the Olympians, #5)",Rick Riordan,4.55
Eragon (The Inheritance Cycle #1),Christopher Paolini,3.96
A Flicker in the Dark,Stacy Willingham,3.97
Then She Was Gone,Lisa Jewell,4.04
The Very Hungry Caterpillar,Eric Carle,4.34
Looking for Alaska,John Green,3.96
"The Lion, the Witch and the Wardrobe (Chronicles of Narnia, #1)",C.S. Lewis,4.24
"Charlie and the Chocolate Factory (Charlie Bucket, #1)",Roald Dahl,4.17
Middlesex,Jeffrey Eugenides,4.04
The Adventures of Tom Sawyer,Mark Twain,3.92
"The Shadow of the Wind (The Cemetery of Forgotten Books, #1)",Carlos Ruiz Zafón,4.31
The Curious Incident of the Dog in the Night-Time,Mark Haddon,3.89
"Tuesdays with Morrie: An Old Man, a Young Man, and Life's Greatest Lesson",Mitch Albom,4.20
"Six of Crows (Six of Crows, #1)",Leigh Bardugo,4.46
Perfume: The Story of a Murderer,Patrick Süskind,4.04
"Holes (Holes, #1)",Louis Sachar,4.01
The Unbearable Lightness of Being,Milan Kundera,4.11
"Harry Potter and the Half-Blood Prince (Harry Potter, #6)",J.K. Rowling,4.58
Fight Club,Chuck Palahniuk,4.18
The Name of the Rose,Umberto Eco,4.14
On the Road,Jack Kerouac,3.61
Where the Red Fern Grows,Wilson Rawls,4.12
"The Godfather (The Godfather, #1)",Mario Puzo,4.40
In Cold Blood,Truman Capote,4.09
The Scarlet Letter,Nathaniel Hawthorne,3.44
"American Gods: Tenth Anniversary (American Gods, #1)",Neil Gaiman,4.10
"Catching Fire (The Hunger Games, #2)",Suzanne Collins,4.35
The Five People You Meet in Heaven,Mitch Albom,4.01
The Song of Achilles,Madeline Miller,4.31
Watchmen,Alan             Moore,4.39
The Divine Comedy: Inferno - Purgatorio - Paradiso,Dante Alighieri,4.08
All Quiet on the Western Front,Erich Maria Remarque,4.11
"The Cat in the Hat (Cat in the Hat, #1)",Dr. Seuss,4.19
The Secret History,Donna Tartt,4.16
"Good Omens: The Nice and Accurate Prophecies of Agnes Nutter, Witch",Terry Pratchett,4.25
"Lonesome Dove (Lonesome Dove, #1)",Larry McMurtry,4.57
"The Little House Collection (Little House, #1-9)",Laura Ingalls Wilder,4.36
"Hush, Hush (Hush, Hush, #1)",Becca Fitzpatrick,3.92
Peter Pan,J.M. Barrie,4.03
"The Titan’s Curse (Percy Jackson and the Olympians, #3)",Rick Riordan,4.37
"The Battle of the Labyrinth (Percy Jackson and the Olympians, #4)",Rick Riordan,4.42
Love in the Time of Cholera,Gabriel García Márquez,3.94
"Insurgent (Divergent, #2)",Veronica Roth,3.96
"Throne of Glass (Throne of Glass, #1)",Sarah J. Maas,4.18
The Addiction Manifesto,Jerry Weaver,4.75
"The Sea of Monsters (Percy Jackson and the Olympians, #2)",Rick Riordan,4.24
A Walk to Remember,Nicholas Sparks,4.20
"A Court of Mist and Fury (A Court of Thorns and Roses, #2)",Sarah J. Maas,4.64
"Clockwork Princess (The Infernal Devices, #3)",Cassandra Clare,4.55
How the Grinch Stole Christmas!,Dr. Seuss,4.38
The Thorn Birds,Colleen McCullough,4.25
"The Ultimate Hitchhiker’s Guide to the Galaxy (Hitchhiker's Guide to the Galaxy, #1-5)",Douglas Adams,4.38
"The Maze Runner (The Maze Runner, #1)",James Dashner,4.05
"Shadow Kiss (Vampire Academy, #3)",Richelle Mead,4.33
The Compleat Works of Wllm Shkspr,Reduced Shakespeare Company,4.43
Their Eyes Were Watching God,Zora Neale Hurston,3.99
"Harry Potter and the Half-Blood Prince (Harry Potter, #6)",J.K. Rowling,4.58
The Importance of Being Earnest,Oscar Wilde,4.17
"The Wonderful Wizard of Oz (Oz, #1)",L. Frank Baum,4.00
Atonement,Ian McEwan,3.95
The Three Musketeers,Alexandre Dumas,4.10
The Lorax,Dr. Seuss,4.35
"Eat, Pray, Love",Elizabeth Gilbert,3.64
The Seven Husbands of Evelyn Hugo,Taylor Jenkins Reid,4.40
Goodnight Moon,Margaret Wise Brown,4.32
"The Hunger Games Trilogy Boxset (The Hunger Games, #1-3)",Suzanne Collins,4.50
The Diary of a Young Girl,Anne Frank,4.20
A Midsummer Night’s Dream,William Shakespeare,3.94
"Murder on the Orient Express (Hercule Poirot, #10)",Agatha Christie,4.20
Bridge to Terabithia,Katherine Paterson,4.06
"Frostbite (Vampire Academy, #2)",Richelle Mead,4.25
"The Selection (The Selection, #1)",Kiera Cass,4.07
Heart of Darkness,Joseph Conrad,3.43
Tess of the D’Urbervilles,Thomas Hardy,3.84
The Night Circus,Erin Morgenstern,4.00
The Prophet,Kahlil Gibran,4.23
The Call of the Wild,Jack London,3.91
"Blood Promise (Vampire Academy, #4)",Richelle Mead,4.30
Alice in Wonderland,Jane Carruth,4.03
The Joy Luck Club,Amy Tan,3.97
"The Good Earth (House of Earth, #1)",Pearl S. Buck,4.01
"Oh, the Places You’ll Go!",Dr. Seuss,4.37
The Phantom Tollbooth,Norton Juster,4.19
The Neverending Story,Michael Ende,4.18
Madame Bovary,Gustave Flaubert,3.71
Treasure Island,Robert Louis Stevenson,3.85
Oliver Twist,Charles Dickens,3.88
"The Mists of Avalon (Avalon, #1)",Marion Zimmer Bradley,4.13
"A Storm of Swords (A Song of Ice and Fire, #3)",George R.R. Martin,4.55
The Boy in the Striped Pajamas,John Boyne,4.16
Jonathan Livingston Seagull,Richard Bach,3.86
Ulysses,James Joyce,3.77
"Jurassic Park (Jurassic Park, #1)",Michael Crichton,4.13
"Fifty Shades of Grey (Fifty Shades, #1)",E.L. James,3.67
"Beloved (Beloved Trilogy, #1)",Toni Morrison,3.97
"The Lost Hero (The Heroes of Olympus, #1)",Rick Riordan,4.29
"The Clan of the Cave Bear (Earth's Children, #1)",Jean M. Auel,4.10
A Farewell to Arms,Ernest Hemingway,3.82
The Canterbury Tales,Geoffrey Chaucer,3.52
A Little Princess,Frances Hodgson Burnett,4.23
David Copperfield,Charles Dickens,4.04
"Cinder (The Lunar Chronicles, #1)",Marissa Meyer,4.13
The World According to Garp,John Irving,4.11
Thirteen Reasons Why,Jay Asher,3.84
The Iliad / The Odyssey,Homer,4.07
His Dark Materials (His Dark Materials #1-3),Philip Pullman,4.29
The Silmarillion,J.R.R. Tolkien,4.03
"Wicked: The Life and Times of the Wicked Witch of the West (The Wicked Years, #1)",Gregory Maguire,3.51
"Howl’s Moving Castle (Howl’s Moving Castle, #1)",Diana Wynne Jones,4.29
"Shōgun (Asian Saga, #1)",James Clavell,4.41
Schindler’s List,Thomas Keneally,4.34
"Clockwork Prince (The Infernal Devices, #2)",Cassandra Clare,4.42
The Trial,Franz Kafka,3.94
The Velveteen Rabbit,Margery Williams Bianco,4.31
"Mockingjay (The Hunger Games, #3)",Suzanne Collins,4.12
Extremely Loud & Incredibly Close,Jonathan Safran Foer,3.97
Man's Search for Meaning,Viktor E. Frankl,4.37
"The Other Boleyn Girl (The Plantagenet and Tudor Novels, #9)",Philippa Gregory,4.09
"The Silence of the Lambs  (Hannibal Lecter, #2)",Thomas  Harris,4.26
The Sun Also Rises,Ernest Hemingway,3.79
The Green Mile,Stephen        King,4.49
"Fallen (Fallen, #1)",Lauren Kate,3.72
"Last Sacrifice (Vampire Academy, #6)",Richelle Mead,4.37
A Confederacy of Dunces,John Kennedy Toole,3.89
The Screwtape Letters,C.S. Lewis,4.27
The Lord of the Rings,J.R.R. Tolkien,4.54
"Crooked Kingdom (Six of Crows, #2)",Leigh Bardugo,4.57
The Crucible,Arthur Miller,3.61
Cat’s Cradle,Kurt Vonnegut Jr.,4.15
The Secret Magdalene,Ki Longfellow,4.14
Misery,Stephen        King,4.23
The Wind in the Willows,Kenneth Grahame,4.02
A Light in the Attic,Shel Silverstein,4.36
"Spirit Bound (Vampire Academy, #5)",Richelle Mead,4.32
The Phantom of the Opera,Gaston Leroux,3.96
"A Clash of Kings  (A Song of Ice and Fire, #2)",George R.R. Martin,4.42
"City of Fallen Angels (The Mortal Instruments, #4)",Cassandra Clare,4.07
The Hiding Place: The Triumphant True Story of Corrie Ten Boom,Corrie ten Boom,4.48
The God of Small Things,Arundhati Roy,3.96
Blindness,José Saramago,4.18
"The Fellowship of the Ring (The Lord of the Rings, #1)",J.R.R. Tolkien,4.40
"Ella Enchanted (Ella Enchanted, #1)",Gail Carson Levine,4.02
The House of the Spirits,Isabel Allende,4.29
The Chain Between Worlds (The Lost Artefacts #1),Johnathon Nicolaou,4.42
"The Way of Kings (The Stormlight Archive, #1)",Brandon Sanderson,4.66
Girl with a Pearl Earring,Tracy Chevalier,3.93
"Uglies (Uglies, #1)",Scott Westerfeld,3.84
The Wind-Up Bird Chronicle,Haruki Murakami,4.14
Norwegian Wood,Haruki Murakami,3.99
Marley and Me: Life and Love With the World’s Worst Dog,John Grogan,4.14
The Guernsey Literary and Potato Peel Pie Society,Mary Ann Shaffer,4.19
Speak,Laurie Halse Anderson,4.05
Paper Towns,John Green,3.70
She’s Come Undone,Wally Lamb,3.92
"Shiver (The Wolves of Mercy Falls, #1)",Maggie Stiefvater,3.76
"Marked (House of Night, #1)",P.C. Cast,3.82
Kafka on the Shore,Haruki Murakami,4.12
The Shack: Where Tragedy Confronts Eternity,William Paul Young,3.84
The Sound and the Fury,William Faulkner,3.86
Fear and Loathing in Las Vegas: A Savage Journey to the Heart of the American Dream,Hunter S. Thompson,4.06
The Complete Calvin and Hobbes,Bill Watterson,4.81
For Whom the Bell Tolls,Ernest Hemingway,3.99
The Complete Sherlock Holmes,Arthur Conan Doyle,4.51
"The Cruel Prince (The Folk of the Air, #1)",Holly Black,4.01
Othello,William Shakespeare,3.89
The Idiot,Fyodor Dostoevsky,4.21
"Shatter Me (Shatter Me, #1)",Tahereh Mafi,3.84
Island of the Blue Dolphins,Scott O'Dell,3.88
Stranger in a Strange Land,Robert A. Heinlein,3.92
"Inkheart (Inkworld, #1)",Cornelia Funke,3.93
Roots: The Saga of an American Family,Alex Haley,4.45
Into the Wild,Jon Krakauer,4.02
"Wonder (Wonder, #1)",R.J. Palacio,4.36
"Neverwhere (London Below, #1)",Neil Gaiman,4.16
"The Girl Who Kicked the Hornet’s Nest (Millennium, #3)",Stieg Larsson,4.24
"The Vampire Lestat (The Vampire Chronicles, #2)",Anne Rice,4.11
East of Eden,John Steinbeck,4.43
The Things They Carried,Tim O'Brien,4.14
King Lear,William Shakespeare,3.91
Never Let Me Go,Kazuo Ishiguro,3.85
"Ready Player One (Ready Player One, #1)",Ernest Cline,4.23
"Delirium (Delirium, #1)",Lauren Oliver,3.95
"Mistborn: The Final Empire (Mistborn, #1)",Brandon Sanderson,4.49
"A Court of Thorns and Roses (A Court of Thorns and Roses, #1)",Sarah J. Maas,4.16
White Oleander,Janet Fitch,4.00
"Beautiful Disaster (Beautiful, #1)",Jamie McGuire,4.00
"Foundation (Foundation, #1)",Isaac Asimov,4.17
"The Mark of Athena (The Heroes of Olympus, #3)",Rick Riordan,4.47
Uncle Tom’s Cabin,Harriet Beecher Stowe,3.92
"The Son of Neptune (The Heroes of Olympus, #2)",Rick Riordan,4.40
All the Light We Cannot See,Anthony Doerr,4.31
Blood River: A Journey to Africa’s Broken Heart,Tim Butcher,3.98
"The Once and Future King (The Once and Future King, #1-5)",T.H. White,4.07
Midnight Sun [2008 Draft],Stephenie Meyer,4.01
James and the Giant Peach,Roald Dahl,4.04
The Martian,Andy Weir,4.42
I Know This Much Is True,Wally Lamb,4.21
"All Creatures Great and Small (All Creatures Great and Small, #1-2)",James Herriot,4.35
"A Good Girl's Guide to Murder (A Good Girl's Guide to Murder, #1)",Holly  Jackson,4.29
Paradise Lost,John Milton,3.85
The Time Machine,H.G. Wells,3.89
Candide,Voltaire,3.76
The Complete Works,William Shakespeare,4.48
Invisible Man,Ralph Ellison,3.92
"Heidi (Heidi, #1-2)",Johanna Spyri,4.04
Flow Down Like Silver,Ki Longfellow,4.01
"Me Before You (Me Before You, #1)",Jojo Moyes,4.26
The Historian,Elizabeth Kostova,3.80
The Thirteenth Tale,Diane Setterfield,3.98
"The Wise Man's Fear (The Kingkiller Chronicle, #2)",Patrick Rothfuss,4.55
"Lamb: The Gospel According to Biff, Christ’s Childhood Pal",Christopher Moore,4.22
Hamlet,William Shakespeare,4.03
American Psycho,Bret Easton Ellis,3.80
"City of Lost Souls (The Mortal Instruments, #5)",Cassandra Clare,4.21
Leaves of Grass,Walt Whitman,4.11
"Walden or, Life in the Woods",Henry David Thoreau,3.77
"Are You There God? It’s Me, Margaret",Judy Blume,3.95
"Graceling (Graceling Realm, #1)",Kristin Cashore,4.06
Different Seasons,Stephen        King,4.36
The Complete Maus,Art Spiegelman,4.58
The Cider House Rules,John Irving,4.17
Mrs. Dalloway,Virginia Woolf,3.78
Fangirl,Rainbow Rowell,3.94
"Legend (Legend, #1)",Marie Lu,4.15
"Fourth Wing (The Empyrean, #1)",Rebecca Yarros,4.57
Sophie’s World,Jostein Gaarder,3.97
Fried Green Tomatoes at the Whistle Stop Cafe,Fannie Flagg,4.28
"Ignite Me (Shatter Me, #3)",Tahereh Mafi,4.45
"The Hound of the Baskervilles (Sherlock Holmes, #5)",Arthur Conan Doyle,4.14
Do Androids Dream of Electric Sheep?,Philip K. Dick,4.09
The Awakening,Kate Chopin,3.69
"Aristotle and Dante Discover the Secrets of the Universe (Aristotle and Dante, #1)",Benjamin Alire Sáenz,4.29
The Graveyard Book,Neil Gaiman,4.15
A Little Life,Hanya Yanagihara,4.28
Black Beauty,Anna Sewell,4.00
Stardust,Neil Gaiman,4.10
Middlemarch,George Eliot,4.03
"Things Fall Apart (The African Trilogy, #1)",Chinua Achebe,3.74
The Monster at the End of this Book,Jon Stone,4.46
"Fifty Shades Darker (Fifty Shades, #2)",E.L. James,3.83
Number the Stars,Lois Lowry,4.19
Sophie’s Choice,William Styron,4.17
The Prince of Tides,Pat Conroy,4.26
"Dead Until Dark (Sookie Stackhouse, #1)",Charlaine Harris,3.97
"A Time to Kill (Jake Brigance, #1)",John Grisham,4.12
Room,Emma Donoghue,4.08
"The Magician’s Nephew (Chronicles of Narnia, #6)",C.S. Lewis,4.05
V for Vendetta,Alan             Moore,4.26
"Bridget Jones’s Diary (Bridget Jones, #1)",Helen Fielding,3.81
War and Peace,Leo Tolstoy,4.17
The Art of Racing in the Rain,Garth Stein,4.23
Eleanor & Park,Rainbow Rowell,3.93
Beowulf,Unknown,3.50
White Fang,Jack London,4.06
Franny and Zooey,J.D. Salinger,3.96
"Harry Potter Series Box Set (Harry Potter, #1-7)",J.K. Rowling,4.73
"Allegiant (Divergent, #3)",Veronica Roth,3.60
Love You Forever,Robert Munsch,4.38
The Witches,Roald Dahl,4.18
"The House of Hades (The Heroes of Olympus, #4)",Rick Riordan,4.57
"The Gunslinger (The Dark Tower, #1)",Stephen        King,3.91
A Short History of Nearly Everything,Bill Bryson,4.22
"The Eye of the World (The Wheel of Time, #1)",Robert Jordan,4.19
"If I Stay (If I Stay, #1)",Gayle Forman,3.91
The Virgin Suicides,Jeffrey Eugenides,3.78
Gulliver’s Travels,Jonathan Swift,3.59
The Complete Novels,Jane Austen,4.57
"The Power of One (The Power of One, #1)",Bryce Courtenay,4.36
Tuck Everlasting,Natalie Babbitt,3.91
11/22/63,Stephen        King,4.35
"Heir of Fire (Throne of Glass, #3)",Sarah J. Maas,4.45
"It Ends with Us (It Ends with Us, #1)",Colleen Hoover,4.09
The Grapes of Wrath,John Steinbeck,4.02
"A Court of Mist and Fury (A Court of Thorns and Roses, #2)",Sarah J. Maas,4.64
"A Child Called ""It"" (Dave Pelzer, #1)",Dave Pelzer,4.14
’Salem’s Lot,Stephen        King,4.10
"Fifty Shades Freed (Fifty Shades, #3)",E.L. James,3.83
Bel Canto,Ann Patchett,3.94
Inferno,Dante Alighieri,4.03
A Portrait of the Artist as a Young Man,James Joyce,3.64
Where the Crawdads Sing,Delia Owens,4.37
Dr. Jekyll and Mr. Hyde,Robert Louis Stevenson,3.83
Cloud Atlas,David Mitchell,4.01
The Hunchback of Notre-Dame,Victor Hugo,4.02
Circe,Madeline Miller,4.22
القرآن الكريم,Anonymous,4.38
Tao Te Ching,Lao Tzu,4.29
Cold Mountain,Charles Frazier,3.89
As I Lay Dying,William Faulkner,3.72
The Tell-Tale Heart and Other Writings,Edgar Allan Poe,4.19
Go Ask Alice,Beatrice Sparks,3.74
Mansfield Park,Jane Austen,3.86
"Eldest (The Inheritance Cycle, #2)",Christopher Paolini,4.05
The Martian Chronicles,Ray Bradbury,4.16
The BFG,Roald Dahl,4.23
A Separate Peace,John Knowles,3.60
"Brisingr (The Inheritance Cycle, #3)",Christopher Paolini,4.11
"Red Queen (Red Queen, #1)",Victoria Aveyard,3.98
"Dark Lover (Black Dagger Brotherhood, #1)",J.R. Ward,4.15
Steppenwolf,Hermann Hesse,4.13
"Beautiful Creatures (Caster Chronicles, #1)",Kami Garcia,3.77
"Blood Meridian, or, the Evening Redness in the West",Cormac McCarthy,4.15
"Miss Peregrine's Home for Peculiar Children (Miss Peregrine's Peculiar Children, #1)",Ransom Riggs,3.92
Robinson Crusoe,Daniel Defoe,3.68
The Invisible Life of Addie LaRue,V.E. Schwab,4.17
The Remains of the Day,Kazuo Ishiguro,4.14
"Obsidian (Lux, #1)",Jennifer L. Armentrout,4.13
"Stargirl (Stargirl, #1)",Jerry Spinelli,3.77
The Amazing Adventures of Kavalier & Clay,Michael Chabon,4.19
Coraline,Neil Gaiman,4.13
"The Amber Spyglass (His Dark Materials, #3)",Philip Pullman,4.11
"City of Heavenly Fire (The Mortal Instruments, #6)",Cassandra Clare,4.38
The Plague,Albert Camus,4.02
Doctor Zhivago,Boris Pasternak,4.01
زندگی مه آلود پریا,سید مرتضی مصطفوی,3.34
"Zen and the Art of Motorcycle Maintenance: An Inquiry Into Values (Phaedrus, #1)",Robert M. Pirsig,3.78
Dear John,Nicholas Sparks,4.04
The Firm,John Grisham,4.06
The English Patient,Michael Ondaatje,3.86
Midnight’s Children,Salman Rushdie,3.98
"Crown of Midnight (Throne of Glass, #2)",Sarah J. Maas,4.36
The Last Song,Nicholas Sparks,4.16
Hidden Pictures,Jason Rekulak,4.15
Like Water for Chocolate,Laura Esquivel,3.95
All the Bright Places,Jennifer Niven,4.11
"Dragonfly in Amber (Outlander, #2)",Diana Gabaldon,4.34
"Crescendo (Hush, Hush, #2)",Becca Fitzpatrick,3.98
Midnight in the Garden of Good and Evil,John Berendt,3.92
"The One (The Selection, #3)",Kiera Cass,4.14
The Nightingale,Kristin Hannah,4.64
A Streetcar Named Desire,Tennessee Williams,3.98
"Queen of Shadows (Throne of Glass, #4)",Sarah J. Maas,4.62
My Ántonia,Willa Cather,3.84
Breakfast at Tiffany’s and Three Stories,Truman Capote,3.85
The Prince,Niccolò Machiavelli,3.84
"The Subtle Knife (His Dark Materials, #2)",Philip Pullman,4.15
Breakfast of Champions,Kurt Vonnegut Jr.,4.06
The Origin of Species,Charles Darwin,4.01
"Red, White & Royal Blue",Casey McQuiston,4.05
"The Hate U Give (The Hate U Give, #1)",Angie Thomas,4.45
A Fine Balance,Rohinton Mistry,4.38
We Were Liars,E. Lockhart,3.65
Persuasion,Jane Austen,4.15
"Hopeless (Hopeless, #1)",Colleen Hoover,4.22
"Daughter of Smoke & Bone (Daughter of Smoke & Bone, #1)",Laini Taylor,3.99
"A Feast for Crows (A Song of Ice and Fire, #4)",George R.R. Martin,4.17
"Flowers in the Attic (Dollanganger, #1)",V.C. Andrews,3.85
"The Inheritance Games (The Inheritance Games, #1)",Jennifer Lynn Barnes,4.13
"Unbroken: A World War II Story of Survival, Resilience and Redemption",Laura Hillenbrand,4.39
Infinite Jest,David Foster Wallace,4.25
"Pippi Longstocking (Pippi Långstrump, #1)",Astrid Lindgren,4.15
"The Host (The Host, #1)",Stephenie Meyer,3.86
Death of a Salesman,Arthur Miller,3.59
Carrie,Stephen        King,3.99
"Evermore (The Immortals, #1)",Alyson Noel,3.60
"I Know Why the Caged Bird Sings (Maya Angelou's Autobiography, #1)",Maya Angelou,4.30
The Scarlet Pimpernel,Emmuska Orczy,4.07
Local Woman Missing,Mary Kubica,4.12
"The Devil in the White City: Murder, Magic, and Madness at the Fair That Changed America",Erik Larson,4.00
Jonathan Strange & Mr Norrell,Susanna Clarke,3.87
"The Raven Boys (The Raven Cycle, #1)",Maggie Stiefvater,4.05
Snow Flower and the Secret Fan,Lisa See,4.09
Sharp Objects,Gillian Flynn,4.01
"Faust, First Part",Johann Wolfgang von Goethe,3.83
"Artemis Fowl (Artemis Fowl, #1)",Eoin Colfer,3.86
Northanger Abbey,Jane Austen,3.85
"Matched (Matched, #1)",Ally Condie,3.62
Night,Elie Wiesel,4.38
"Anna and the French Kiss (Anna and the French Kiss, #1)",Stephanie Perkins,3.96
"The Angel Experiment (Maximum Ride, #1)",James  Patterson,4.07
"A Court of Wings and Ruin (A Court of Thorns and Roses, #3)",Sarah J. Maas,4.46
High Fidelity,Nick Hornby,3.90
The Haunting of Hill House,Shirley Jackson,3.81
To the Lighthouse,Virginia Woolf,3.81
Waiting for Godot,Samuel Beckett,3.84
"The Tales of Beedle the Bard (Hogwarts Library, #3)",J.K. Rowling,4.03
The Shipping News,Annie Proulx,3.88
"The Chosen (Reuven Malter, #1)",Chaim Potok,4.07
Emma,Jane Austen,4.05
The Goldfinch,Donna Tartt,3.96
"The Voyage of the Dawn Treader (Chronicles of Narnia, #3)",C.S. Lewis,4.09
Nineteen Minutes,Jodi Picoult,4.18
Shantaram,Gregory David Roberts,4.28
Pet Sematary,Stephen        King,4.08
"Neuromancer (Sprawl, #1)",William Gibson,3.89
"I, Robot (Robot, #0.1)",Isaac Asimov,4.21
Houdini Heart,Ki Longfellow,3.84
A Christmas Carol,Charles Dickens,4.09
Redeeming Love,Francine  Rivers,4.51
"A Dance with Dragons (A Song of Ice and Fire, #5)",George R.R. Martin,4.34
"The Return of the King (The Lord of the Rings, #3)",J.R.R. Tolkien,4.58
The Reader,Bernhard Schlink,3.79
"The Lost Symbol (Robert Langdon, #3)",Dan    Brown,3.76
"Sheever's Journal, Diary of a Poison Master",K.  Ritz,4.29
The Age of Innocence,Edith Wharton,3.97
Dubliners,James Joyce,3.84
"Angels & Demons (Robert Langdon, #1)",Dan    Brown,3.95
"The Wicked King (The Folk of the Air, #2)",Holly Black,4.27
The Republic,Plato,3.97
The Waste Land,T.S. Eliot,4.11
"The Bad Beginning (A Series of Unfortunate Events, #1)",Lemony Snicket,4.02
The Silent Patient,Alex Michaelides,4.17
"The Queen of Nothing (The Folk of the Air, #3)",Holly Black,4.34
"Voyager (Outlander, #3)",Diana Gabaldon,4.39
"City of Glass (The Mortal Instruments, #3)",Cassandra Clare,4.27
The Twilight Collection,Stephenie Meyer,3.82
The Jungle,Upton Sinclair,3.78
Divine Secrets of the Ya-Ya Sisterhood,Rebecca Wells,3.86
"Betrayed (House of Night, #2)",P.C. Cast,3.92
Me Talk Pretty One Day,David Sedaris,4.01
"Lover Awakened (Black Dagger Brotherhood, #3)",J.R. Ward,4.43
The Pearl,John Steinbeck,3.56
"The Two Towers (The Lord of the Rings, #2)",J.R.R. Tolkien,4.50
Snow Falling on Cedars,David Guterson,3.86
"The Last Battle (Chronicles of Narnia, #7)",C.S. Lewis,4.01
Sense and Sensibility,Jane Austen,4.09
"Untamed (House of Night, #4)",P.C. Cast,3.94
"I, Claudius (Claudius, #1)",Robert Graves,4.24
"The Exorcist (The Exorcist, #1)",William Peter Blatty,4.21
"The Elite (The Selection, #2)",Kiera Cass,3.94
The Wasp Factory,Iain Banks,3.75
"Unravel Me (Shatter Me, #2)",Tahereh Mafi,4.10
Everything is Illuminated,Jonathan Safran Foer,3.89
"Words of Radiance (The Stormlight Archive, #2)",Brandon Sanderson,4.76
A Room with a View,E.M. Forster,3.89
"The 5th Wave (The 5th Wave, #1)",Rick Yancey,4.00
World War Z: An Oral History of the Zombie War,Max Brooks,4.02
The War of the Worlds,H.G. Wells,3.83
"A Discovery of Witches (All Souls, #1)",Deborah Harkness,4.02
Macbeth,William Shakespeare,3.89
"A ​Court of Silver Flames (A Court of Thorns and Roses, #4)",Sarah J. Maas,4.45
"Chosen (House of Night, #3)",P.C. Cast,3.91
Bleak House,Charles Dickens,4.02
The Complete Poems of Emily Dickinson,Emily Dickinson,4.28
The Woman in White,Wilkie Collins,4.01
"Unwind (Unwind, #1)",Neal Shusterman,4.17
Those Empty Eyes,Charlie Donlea,4.15
انتحار فاشل,أحمد جمال الدين رمضان,4.54
North and South,Elizabeth Gaskell,4.15
Brideshead Revisited,Evelyn Waugh,4.00
"Shadow and Bone (Shadow and Bone, #1)",Leigh Bardugo,3.92
Ugly Love,Colleen Hoover,4.00
The God Delusion,Richard Dawkins,3.90
"The Lies of Locke Lamora (Gentleman Bastard, #1)",Scott Lynch,4.30
العصبي,أحمد جمال الدين رمضان,4.59
"2001: A Space Odyssey (Space Odyssey, #1)",Arthur C. Clarke,4.18
The Left Hand of Darkness,Ursula K. Le Guin,4.10
"The Iron King (The Iron Fey, #1)",Julie Kagawa,3.87
"Empire of Storms (Throne of Glass, #5)",Sarah J. Maas,4.63
Of Human Bondage,W. Somerset Maugham,4.15
"Bloodlines (Bloodlines, #1)",Richelle Mead,4.20
Snow Crash,Neal Stephenson,4.01
"The Witching Hour (Lives of the Mayfair Witches, #1)",Anne Rice,4.10
Vanity Fair,William Makepeace Thackeray,3.81
"Call Me By Your Name (Call Me By Your Name, #1)",André Aciman,4.10
"Wizard's First Rule (Sword of Truth, #1)",Terry Goodkind,4.12
"Heartstopper: Volume One (Heartstopper, #1)",Alice Oseman,4.42
Much Ado About Nothing,William Shakespeare,4.06
Far From the Madding Crowd,Thomas Hardy,3.97
Johnny Got His Gun,Dalton Trumbo,4.21
The Love Hypothesis,Ali Hazelwood,4.11
A Monster Calls,Patrick Ness,4.35
"Little House on the Prairie (Little House, #3)",Laura Ingalls Wilder,4.21
Verity,Colleen Hoover,4.30
Daisy Jones & The Six,Taylor Jenkins Reid,4.20
"Cannery Row (Cannery Row, #1)",John Steinbeck,4.06
"Hyperion (Hyperion Cantos, #1)",Dan Simmons,4.27
A Man Called Ove,Fredrik Backman,4.38
What Lies in the Woods,Kate Alice Marshall,3.94
"Caraval (Caraval, #1)",Stephanie Garber,3.97
"Anne of Avonlea (Anne of Green Gables, #2)",L.M. Montgomery,4.23
"Bared to You (Crossfire, #1)",Sylvia Day,4.13
"They Both Die at the End (They Both Die at the End, #1)",Adam Silvera,3.75
"Cry, the Beloved Country",Alan Paton,3.93
"The Red Pyramid (The Kane Chronicles, #1)",Rick Riordan,4.10
Are You My Mother?,P.D. Eastman,4.22
"Torment (Fallen, #2)",Lauren Kate,3.84
"Cress (The Lunar Chronicles, #3)",Marissa Meyer,4.40
The Polar Express,Chris Van Allsburg,4.32
I'll Give You the Sun,Jandy Nelson,4.15
Cutting for Stone,Abraham   Verghese,4.33
Sarah's Key,Tatiana de Rosnay,4.18
"Perfect Chemistry (Perfect Chemistry, #1)",Simone Elkeles,4.04
Into Thin Air: A Personal Account of the Mt. Everest Disaster,Jon Krakauer,4.26
"Little House in the Big Woods (Little House, #1)",Laura Ingalls Wilder,4.21
"A Great and Terrible Beauty (Gemma Doyle, #1)",Libba Bray,3.80
"The Darkest Minds (The Darkest Minds, #1)",Alexandra Bracken,4.15
"Scarlet (The Lunar Chronicles, #2)",Marissa Meyer,4.23
Sapiens: A Brief History of Humankind,Yuval Noah Harari,4.34
"The Mortal Instruments Boxed Set: City of Bones; City of Ashes; City of Glass (The Mortal Instruments, #1-3)",Cassandra Clare,4.55
"The Horse and His Boy (Chronicles of Narnia, #5)",C.S. Lewis,3.91
"Angelfall (Penryn & the End of Days, #1)",Susan Ee,4.10
"Better Than the Movies (Better Than the Movies, #1)",Lynn Painter,4.26
Normal People,Sally Rooney,3.81
"Sabriel (Abhorsen, #1)",Garth Nix,4.16
The Art of War,Sun Tzu,3.95
"Powerless (The Powerless Trilogy, #1)",Lauren  Roberts,4.16
"Chocolat (Chocolat, #1)",Joanne Harris,3.96
The Westing Game,Ellen Raskin,3.99
The Summoning (Darkest Powers #1),Kelley Armstrong,4.03
The Last Lecture,Randy Pausch,4.26
No Country for Old Men,Cormac McCarthy,4.17
"Swann’s Way (In Search of Lost Time, #1)",Marcel Proust,4.16
"Silence (Hush, Hush, #3)",Becca Fitzpatrick,4.07
"The Unbecoming of Mara Dyer (Mara Dyer, #1)",Michelle Hodkin,4.01
Just Listen,Sarah Dessen,4.05
"Halfway to the Grave (Night Huntress, #1)",Jeaniene Frost,4.13
"The Goose Girl (The Books of Bayern, #1)",Shannon Hale,4.14
Three Cups of Tea: One Man's Mission to Promote Peace ... One School at a Time,Greg Mortenson,3.66
Twelfth Night,William Shakespeare,3.96
"I Am Number Four (Lorien Legacies, #1)",Pittacus Lore,3.93
"Red Rising (Red Rising Saga, #1)",Pierce Brown,4.27
Lady Chatterley’s Lover,D.H. Lawrence,3.50
Nine Stories,J.D. Salinger,4.18
I Capture the Castle,Dodie Smith,3.99
"Trainspotting (Mark Renton, #2)",Irvine Welsh,4.11
The Truth About Forever,Sarah Dessen,4.12
"The Last Unicorn (The Last Unicorn, #1)",Peter S. Beagle,4.16
"Ishmael (Ishmael, #1)",Daniel Quinn,4.01
"Dead to the World (Sookie Stackhouse, #4)",Charlaine Harris,4.12
"Speaker for the Dead (Ender's Saga, #2)",Orson Scott Card,4.11
"The Bronze Horseman (The Bronze Horseman, #1)",Paullina Simons,4.29
Demian: Die Geschichte von Emil Sinclairs Jugend,Hermann Hesse,4.14
The Hours,Michael Cunningham,3.96
Julius Caesar,William Shakespeare,3.71
The Glass Castle,Jeannette Walls,4.33
"Kingdom of Ash (Throne of Glass, #7)",Sarah J. Maas,4.71
"You Are Special (Wemmicksville, #1)",Max Lucado,4.45
"A Wizard of Earthsea (Earthsea Cycle, #1)",Ursula K. Le Guin,4.01
"Drums of Autumn (Outlander, #4)",Diana Gabaldon,4.36
The Arabian Nights,Anonymous,4.03
Cyrano de Bergerac,Edmond Rostand,4.06
"Slammed (Slammed, #1)",Colleen Hoover,4.14
"Acheron (Dark-Hunter, #14)",Sherrilyn Kenyon,4.56
Pericles and Aspasia: A Story of Ancient Greece,Yvonne Korshak,4.29
The Glass Menagerie,Tennessee Williams,3.74
The Holy Bible: King James Version,Anonymous,4.45
"World Without End (Kingsbridge, #2)",Ken Follett,4.32
The Collector,John Fowles,3.97
"To All the Boys I've Loved Before (To All the Boys I've Loved Before, #1)",Jenny Han,4.04
"Good Girl, Bad Blood (A Good Girl's Guide to Murder, #2)",Holly  Jackson,4.26
"The Knife of Never Letting Go (Chaos Walking, #1)",Patrick Ness,3.98
"1Q84 (1Q84, #1-3)",Haruki Murakami,3.95
"Viciously Yours (Fae Kings of Eden, #1)",Jamie Applegate Hunter,3.60
We Need to Talk About Kevin,Lionel Shriver,4.08
Requiem for a Dream,Hubert Selby Jr.,4.11
"Carry On (Simon Snow, #1)",Rainbow Rowell,4.16
"Hunted (House of Night, #5)",P.C. Cast,3.93
"The Scorch Trials (The Maze Runner, #2)",James Dashner,3.89
"A Dog's Purpose (A Dog's Purpose, #1)",W. Bruce Cameron,4.36
No One Can Know,Kate Alice Marshall,3.65
Taming Flame,Therisa Peimer,4.28
"The Silver Chair (Chronicles of Narnia, #4)",C.S. Lewis,3.95
"Captive in the Dark (The Dark Duet, #1)",C.J. Roberts,3.93
Gray After Dark,Noelle W. Ihli,4.19
Before I Fall,Lauren Oliver,3.88
Interpreter of Maladies,Jhumpa Lahiri,4.18
"The Bean Trees (Greer Family, #1)",Barbara Kingsolver,4.01
"Inheritance (The Inheritance Cycle, #4)",Christopher Paolini,4.16
The Merchant of Venice,William Shakespeare,3.78
"The Secret (The Secret, #1)",Rhonda Byrne,3.74
"P.S. I Love You (P.S. I Love You, #1)",Cecelia Ahern,4.03
"Inferno (Robert Langdon, #4)",Dan    Brown,3.90
"Wicked Lovely (Wicked Lovely, #1)",Melissa Marr,3.70
A Brief History of Time,Stephen Hawking,4.21
The Bluest Eye,Toni Morrison,4.13
"As Good As Dead (A Good Girl's Guide to Murder, #3)",Holly  Jackson,4.19
Project Hail Mary,Andy Weir,4.50
"Prince Caspian (Chronicles of Narnia, #2)",C.S. Lewis,3.98
"The Queen of the Damned (The Vampire Chronicles, #3)",Anne Rice,3.92
"The Blood of Olympus (The Heroes of Olympus, #5)",Rick Riordan,4.43
The Club,Ellery Lloyd,3.28
"Think Twice (Myron Bolitar, #12)",Harlan Coben,4.24
"The House in the Cerulean Sea (Cerulean Chronicles, #1)",T.J. Klune,4.37
Ask for Andrea,Noelle W. Ihli,4.08
Gravity’s Rainbow,Thomas Pynchon,4.01
All the King's Men,Robert Penn Warren,4.09
"The Eyre Affair (Thursday Next, #1)",Jasper Fforde,3.88
Educated,Tara Westover,4.47
One Day in the Life of Ivan Denisovich,Aleksandr Solzhenitsyn,3.98
Head Like a Hole,Andrew Van Wey,3.84
"Guards! Guards! (Discworld, #8; City Watch, #1)",Terry Pratchett,4.34
Invisible Monsters,Chuck Palahniuk,4.00
"Girl, Interrupted",Susanna Kaysen,3.94
"A Court of Thorns and Roses (A Court of Thorns and Roses, #1)",Sarah J. Maas,4.16
House of Leaves,Mark Z. Danielewski,4.09
"Lover Eternal (Black Dagger Brotherhood, #2)",J.R. Ward,4.32
Because of Winn-Dixie,Kate DiCamillo,4.10
The Roommate,Kiersten Modglin,3.77
"The Bourne Identity (Jason Bourne, #1)",Robert Ludlum,4.05
"Assassin's Apprentice (Farseer Trilogy, #1)",Robin Hobb,4.19
"Poison Study (Study, #1)",Maria V. Snyder,4.09
Seabiscuit: An American Legend,Laura Hillenbrand,4.23
Foucault’s Pendulum,Umberto Eco,3.91
"Twenty Thousand Leagues Under the Sea (Captain Nemo, #2)",Jules Verne,3.89
The Girl Who Was Taken,Charlie Donlea,4.17
"House of Earth and Blood (Crescent City, #1)",Sarah J. Maas,4.45
Look Closer,David Ellis,4.16
The Memory Keeper's Daughter,Kim Edwards,3.70
The Ocean at the End of the Lane,Neil Gaiman,4.01
"Not Forever, But For Now",Chuck Palahniuk,3.04
"City of Ashes (The Mortal Instruments, #2)",Cassandra Clare,4.10
Mythology,Edith Hamilton,4.03
Peace Like a River,Leif Enger,4.03
The Night Before Christmas,Clement Clarke Moore,4.40
The Iliad,Homer,3.93
A People’s History of the United States: 1492 - Present,Howard Zinn,4.09
"Being a Witch, and Other Things I Didn't Ask For",Sara Pascoe,4.28
If We Were Villains,M.L. Rio,4.10
"Where She Went (If I Stay, #2)",Gayle Forman,3.97
"Oedipus Rex  (The Theban Plays, #1)",Sophocles,3.73
"Oryx and Crake (MaddAddam, #1)",Margaret Atwood,4.00
"The Talisman (The Talisman, #1)",Stephen        King,4.11
The History of Love,Nicole Krauss,3.92
The Purpose Driven Life: What on Earth Am I Here for?,Rick Warren,3.98
Grimm's Fairy Tales,Jacob Grimm,4.23
"Simon vs. the Homo Sapiens Agenda (Simonverse, #1)",Becky Albertalli,4.13
"The Fiery Cross (Outlander, #5)",Diana Gabaldon,4.26
"The Hero of Ages (Mistborn, #3)",Brandon Sanderson,4.56
Native Son,Richard Wright,4.04
Starship Troopers,Robert A. Heinlein,4.01
"One of Us Is Lying (One of Us is Lying, #1)",Karen M. McManus,3.91
The Yellow Wallpaper and Other Stories,Charlotte Perkins Gilman,4.07
"Gone (Gone, #1)",Michael  Grant,3.87
"The Killer Angels (The Civil War Trilogy, #2)",Michael Shaara,4.33
"A Breath of Snow and Ashes (Outlander, #6)",Diana Gabaldon,4.44
"One for the Money (Stephanie Plum, #1)",Janet Evanovich,4.05
"Champion (Legend, #3)",Marie Lu,4.31
The Shards,Bret Easton Ellis,4.00
The Midnight Library,Matt Haig,3.98
Archer's Voice,Mia Sheridan,4.17
I Am Legend and Other Stories,Richard Matheson,4.00
If on a Winter’s Night a Traveler,Italo Calvino,4.02
"Night Watch (Discworld, #29; City Watch, #6)",Terry Pratchett,4.50
"Left Behind (Left Behind, #1)",Tim LaHaye,3.86
Watchers,Dean Koontz,4.19
From the Mixed-Up Files of Mrs. Basil E. Frankweiler,E.L. Konigsburg,4.16
"Shadowfever (Fever, #5)",Karen Marie Moning,4.39
"Darkfever (Fever, #1)",Karen Marie Moning,4.05
"Corrupt (Devil's Night, #1)",Penelope Douglas,3.78
"The Murder of Roger Ackroyd (Hercule Poirot, #4)",Agatha Christie,4.26
The Magus,John Fowles,4.05
"Death on the Nile (Hercule Poirot, #18)",Agatha Christie,4.12
"Scythe (Arc of a Scythe, #1)",Neal Shusterman,4.32
The Beach,Alex Garland,3.99
"Alanna: The First Adventure (Song of the Lioness, #1)",Tamora Pierce,4.27
"Pretties (Uglies, #2)",Scott Westerfeld,3.83
John Adams,David McCullough,4.08
Rosencrantz and Guildenstern Are Dead,Tom Stoppard,4.04
The Book of Mormon: Another Testament of Jesus Christ,Joseph Smith Jr.,4.23
Under the Dome,Stephen        King,3.93
Possession,A.S. Byatt,3.90
The Blind Assassin,Margaret Atwood,3.96
"The Ballad of Never After (Once Upon a Broken Heart, #2)",Stephanie Garber,4.49
"The Death Cure (The Maze Runner, #3)",James Dashner,3.78
"The Sisterhood of the Traveling Pants (Sisterhood, #1)",Ann Brashares,3.85
Papillon,Henri Charrière,4.23
"Once Upon a Broken Heart (Once Upon a Broken Heart, #1)",Stephanie Garber,4.06
Cosmos,Carl Sagan,4.40
House of Sand and Fog,Andre Dubus III,3.86
"Odd Thomas (Odd Thomas, #1)",Dean Koontz,3.99
Bury My Heart at Wounded Knee: An Indian History of the American West,Dee Brown,4.26
"Consequences (Consequences, #1)",Aleatha Romig,3.92
The Agony and the Ecstasy,Irving Stone,4.09
The Sirens of Titan,Kurt Vonnegut Jr.,4.15
"Lover Unbound (Black Dagger Brotherhood, #5)",J.R. Ward,4.31
"Storm Front (The Dresden Files, #1)",Jim  Butcher,3.97
"Truth (Consequences, #2)",Aleatha Romig,4.34
On Writing: A Memoir of the Craft,Stephen        King,4.34
"Keeper of the Lost Cities (Keeper of the Lost Cities, #1)",Shannon Messenger,4.40
Freakonomics: A Rogue Economist Explores the Hidden Side of Everything,Steven D. Levitt,4.01
"The Talented Mr. Ripley (Ripley, #1)",Patricia Highsmith,3.95
Veronika Decides to Die,Paulo Coelho,3.74
Less Than Zero,Bret Easton Ellis,3.60
How to Win Friends & Influence People,Dale Carnegie,4.22
The Drowning Woman,Robyn Harding,4.03
A Heartbreaking Work of Staggering Genius,Dave Eggers,3.69
The Elegance of the Hedgehog,Muriel Barbery,3.80
Corelli’s Mandolin,Louis de Bernières,4.03
Murder on Family Grounds (Mary Wandwalker #3),Susan  Rowland,4.29
"Magical Midlife Awakening (Leveling Up, #9)",K.F. Breene,4.63
Something Wicked This Way Comes,Ray Bradbury,3.90
"Killing Sarai (In the Company of Killers, #1)",J.A. Redmerski,4.08
The Witch of Blackbird Pond,Elizabeth George Speare,4.03
"Prodigy (Legend, #2)",Marie Lu,4.22
"I'd Tell You I Love You, But Then I'd Have to Kill You (Gallagher Girls, #1)",Ally Carter,3.84
Prodigal Summer,Barbara Kingsolver,4.05
Meditations,Marcus Aurelius,4.28
"The Alienist (Dr. Laszlo Kreizler, #1)",Caleb Carr,4.06
Crash,J.G. Ballard,3.60
"A Canticle for Leibowitz (St. Leibowitz, #1)",Walter M. Miller Jr.,3.99
The Aeneid,Virgil,3.87
"A Court of Wings and Ruin (A Court of Thorns and Roses, #3)",Sarah J. Maas,4.46
Song of Solomon,Toni Morrison,4.15
Digital Fortress,Dan    Brown,3.70
Battle Royale,Koushun Takami,4.26
The Trigger: Hunting the Assassin Who Brought the World to War,Tim Butcher,3.81
"Tears of Tess (Monsters in the Dark, #1)",Pepper Winters,3.98
Around the World in Eighty Days,Jules Verne,3.95
This Is How You Lose the Time War,Amal El-Mohtar,3.85
Stoner,John  Williams,4.35
"Love Story (Love Story, #1)",Erich Segal,3.65
"The No. 1 Ladies' Detective Agency (No. 1 Ladies' Detective Agency, #1)",Alexander McCall Smith,3.81
"It Ain't Me, Babe (Hades Hangmen, #1)",Tillie Cole,4.04
Ficciones,Jorge Luis Borges,4.40
Jitterbug Perfume,Tom Robbins,4.23
"Tempted (House of Night, #6)",P.C. Cast,3.95
Ivanhoe,Walter Scott,3.76
Holy Bible: New International Version,Anonymous,4.63
Howl and Other Poems,Allen Ginsberg,4.13
Anthem,Ayn Rand,3.61
"The High Auction (Wisdom Revolution, #1)",Misba,4.69
"An Ember in the Ashes (An Ember in the Ashes, #1)",Sabaa Tahir,4.24
"The Color of Magic (Discworld, #1; Rincewind, #1)",Terry Pratchett,3.99
"One Fish, Two Fish, Red Fish, Blue Fish",Dr. Seuss,4.18
"The Oldest Dance (Wisdom Revolution, #2)",Misba,4.70
The Polymorph,Max Nowaz,4.27
"Confessions of a Shopaholic (Shopaholic, #1)",Sophie Kinsella,3.71
"Rubinrot (Edelstein-Trilogie, #1)",Kerstin Gier,4.14
"Princess Academy (Princess Academy, #1)",Shannon Hale,4.04
"The Assassin's Blade (Throne of Glass, #0.1-0.5)",Sarah J. Maas,4.20
"Darkly Dreaming Dexter (Dexter, #1)",Jeff Lindsay,3.90
"Ender's Shadow (The Shadow Series, #1)",Orson Scott Card,4.32
The Story of My Life,Helen Keller,4.08
"The Big Sleep (Philip Marlowe, #1)",Raymond Chandler,3.94
Mistress Suffragette,Diana   Forbes,4.29
The Magic Mountain,Thomas Mann,4.13
Babel,R.F. Kuang,4.15
"Souls Unfractured (Hades Hangmen, #3)",Tillie Cole,4.41
One Day,David Nicholls,3.87
Message in a Bottle,Nicholas Sparks,3.98
"Antigone (The Theban Plays, #3)",Sophocles,3.68
"A Darker Shade of Magic (Shades of Magic, #1)",V.E. Schwab,4.04
The Invention of Hugo Cabret,Brian Selznick,4.22
"Fablehaven (Fablehaven, #1)",Brandon Mull,4.14
"Club Dead (Sookie Stackhouse, #3)",Charlaine Harris,4.02
Walk Two Moons,Sharon Creech,4.00
A Winter Grave,Peter  May,4.06
Orlando,Virginia Woolf,3.87
"Living Dead in Dallas (Sookie Stackhouse, #2)",Charlaine Harris,3.96
The Power of Myth,Joseph Campbell,4.26
The Shell Seekers,Rosamunde Pilcher,4.20
It's Kind of a Funny Story,Ned Vizzini,4.07
Angle of Repose,Wallace Stegner,4.24
"The Girl in the Eagle's Talons (Millennium, #7)",Karin Smirnoff,3.42
The Marriage Portrait,Maggie O'Farrell,4.01
The Jungle Books,Rudyard Kipling,4.01
The Corrections,Jonathan Franzen,3.84
"Glass Houses (The Morganville Vampires, #1)",Rachel Caine,3.92
Hard-Boiled Wonderland and the End of the World,Haruki Murakami,4.11
"Inara (Godfrey Davis, #3)",A.R. Merrydew,4.35
The Namesake,Jhumpa Lahiri,4.02
"A Dead and Stormy Night (Nevermore Bookshop Mysteries, #1)",Steffanie Holmes,3.91
"Lover Revealed (Black Dagger Brotherhood, #4)",J.R. Ward,4.28
An Abundance of Katherines,John Green,3.51
"The Edge of Never (The Edge of Never, #1)",J.A. Redmerski,4.22
Keep It in the Family,John Marrs,4.07
Cryptonomicon,Neal Stephenson,4.23
Jude the Obscure,Thomas Hardy,3.83
The 7 Habits of Highly Effective People: Powerful Lessons in Personal Change,Stephen R. Covey,4.16
Geek Love,Katherine Dunn,3.95
"Mary Poppins (Mary Poppins, #1)",P.L. Travers,4.01
"The Passage (The Passage, #1)",Justin Cronin,4.05
Still Alice,Lisa Genova,4.32
"Small Gods (Discworld, #13)",Terry Pratchett,4.32
I Am the Messenger,Markus Zusak,4.03
"Into the Wild (Warriors, #1)",Erin Hunter,4.32
"The Well of Ascension (Mistborn, #2)",Brandon Sanderson,4.38
"Haunting Adeline (Cat and Mouse, #1)",H.D. Carlton,3.94
"Lover Avenged (Black Dagger Brotherhood, #7)",J.R. Ward,4.36
Last Exit to Brooklyn,Hubert Selby Jr.,3.93
Between Shades of Gray,Ruta Sepetys,4.37
"The Lies of Vampires and Slayers (Magic on Main Street, #1)",K.M. Shea,4.35
The Moon Is a Harsh Mistress,Robert A. Heinlein,4.15
Living Fearless: Exchanging the Lies of the World for the Liberating Truth of God,Jamie Winship,4.44
"Winter (The Lunar Chronicles, #4)",Marissa Meyer,4.41
"Mort (Discworld, #4; Death, #1)",Terry Pratchett,4.24
"The Restaurant at the End of the Universe (The Hitchhiker's Guide to the Galaxy, #2)",Douglas Adams,4.20
Dandelion Wine,Ray Bradbury,4.09
Chasing the Devil: The Search for Africa's Fighting Spirit,Tim Butcher,4.13
My Name Is Asher Lev,Chaim Potok,4.24
"Fire (Graceling Realm, #2)",Kristin Cashore,4.09
The Omnivore's Dilemma: A Natural History of Four Meals,Michael Pollan,4.19
Choke,Chuck Palahniuk,3.71
The White Tiger,Aravind Adiga,3.77
"The Poppy War (The Poppy War, #1)",R.F. Kuang,4.17
The Portrait of a Lady,Henry James,3.80
On Earth We're Briefly Gorgeous,Ocean Vuong,4.02
No Longer Human,Osamu Dazai,3.95
"From Blood and Ash (Blood and Ash, #1)",Jennifer L. Armentrout,4.22
Wild Swans: Three Daughters of China,Jung Chang,4.30
Howards End,E.M. Forster,3.96
"Finale (Hush, Hush, #4)",Becca Fitzpatrick,4.11
"Heretical Fishing (Heretical Fishing, #1)",Haylock Jobson,4.26
"Worm Holes (Quantum Roots, #2)",Kyle Keyes,4.34
Twenty Years Later,Charlie Donlea,4.18
The Forgotten Garden,Kate Morton,4.16
A Room of One’s Own,Virginia Woolf,4.22
"The Hawthorne Legacy (The Inheritance Games, #2)",Jennifer Lynn Barnes,4.19
"The Dark Tower (The Dark Tower, #7)",Stephen        King,4.29
Tender Is the Night,F. Scott Fitzgerald,3.77
The Very Secret Society of Irregular Witches,Sangu Mandanna,4.04
"The Hunt for Red October (Jack Ryan, #3)",Tom Clancy,4.12
We Have Always Lived in the Castle,Shirley Jackson,3.91
Audition,Ryū Murakami,3.50
"The Eden Paradox (Eden Paradox, #1)",Barry Kirwan,4.21
The Bridges of Madison County,Robert James Waller,3.71
The Long Walk,Richard  Bachman,4.04
"Linger (The Wolves of Mercy Falls, #2)",Maggie Stiefvater,3.88
Deception Point,Dan    Brown,3.76
A Walk in the Woods: Rediscovering America on the Appalachian Trail,Bill Bryson,4.07
"The City of Ember (Book of Ember, #1)",Jeanne DuPrau,3.90
Turtles All the Way Down,John Green,3.88
Pale Fire,Vladimir Nabokov,4.17
"Forrest Gump (Forrest Gump, #1)",Winston Groom,4.01
The Sea of Tranquility,Katja Millay,4.29
Survivor,Chuck Palahniuk,3.93
"84, Charing Cross Road",Helene Hanff,4.16
Exodus,Leon Uris,4.34
Ethan Frome,Edith Wharton,3.46
The Sorrows of Young Werther,Johann Wolfgang von Goethe,3.69
The Ruthless Elimination of Hurry: How to Stay Emotionally Healthy and Spiritually Alive in the Chaos of the Modern World,John Mark Comer,4.51
"Absalom, Absalom!",William Faulkner,3.99
Gift from the Sea,Anne Morrow Lindbergh,4.14
Nausea,Jean-Paul Sartre,3.93
The Fall,Albert Camus,4.03
The Three Witches and the Master,Max Nowaz,4.30
"Kingdom of Ash (Throne of Glass, #7)",Sarah J. Maas,4.71
"A Study in Scarlet (Sherlock Holmes, #1)",Arthur Conan Doyle,4.13
"Walking Disaster (Beautiful, #2)",Jamie McGuire,4.14
Where the Heart Is,Billie Letts,4.04
"Daughter of the Forest  (Sevenwaters, #1)",Juliet Marillier,4.29
"Dead as a Doornail (Sookie Stackhouse, #5)",Charlaine Harris,4.01
"Kane & Abel (Kane & Abel, #1)",Jeffrey Archer,4.34
Beach Read,Emily Henry,3.97
The 5 Love Languages: The Secret to Love that Lasts,Gary Chapman,4.27
"The Ruins of Gorlan (Ranger's Apprentice, #1)",John Flanagan,4.26
Illusions: The Adventures of a Reluctant Messiah,Richard Bach,4.15
"The Mysterious Benedict Society (The Mysterious Benedict Society, #1)",Trenton Lee Stewart,4.20
Thus Spoke Zarathustra,Friedrich Nietzsche,4.07
Hello Beautiful,Ann Napolitano,4.13
Revolutionary Road,Richard Yates,3.93
"Iron Flame (The Empyrean, #2)",Rebecca Yarros,4.36
"The Ballad of Songbirds and Snakes (The Hunger Games, #0)",Suzanne Collins,3.99
"The Reckoning (Darkest Powers, #3)",Kelley Armstrong,4.18
Heartless,Marissa Meyer,4.09
Shakespeare's Sonnets,William Shakespeare,4.25
"Specials (Uglies, #3)",Scott Westerfeld,3.75
High-Rise,J.G. Ballard,3.60
"Breaking Dawn (The Twilight Saga, #4)",Stephenie Meyer,3.75
